<?xml version="1.0" encoding="UTF-8"?>
<metadata>
    <name>!!~Descripcion de objetos Repentance</name>
    <directory>descripcion de objetos repentance</directory>
    <id>2487500238</id>
    <description>---External item descriptions in spanish---
(A partir del 01/02/2022, este mod también será monitoreado por la usuaria Kotry)

Este es un Mod que muestra en la pantalla la descripción de:

- Objetos (Items)
- Píldoras
- Cartas
- Trinkets
- Habitaciones especiales

A su vez, incluye nuevas características como:

- Descripciones para los objetos de TMTRAINER (se necesita activar el parámetro --luadebug para que funcionen correctamente)
- Predicción de las estadísticas aumentadas por void
- Soporte para descripción de los objetos generados con Flip
- Despliegue de un recetario para Tainted Caín
- Una herramienta que lee el archivo de guardado, cosa que permite determinar qué objetos te faltan para completar la página de colección

[strike]Los nombres de los objetos están en español e Inglés ya que lo configuré para que pueda funcionar a la par con el otro Mod que creé:[/strike]

[strike]vvv Traducción al español latino Repentance vvv[/strike]
[strike]https://steamcommunity.com/sharedfiles/filedetails/?id=2487441869 [/strike]

[strike]Aunque no es 100% necesario tener el otro mod porque los nombres también están en Ingles.[/strike]

Debido a que se ha incluido una traducción oficial al juego, el mod ha sido eliminado y los nombres en inglés fueron retirados, muchas gracias por su apoyo

--------------------
Notas: 
- [strike]Es necesario tener el DLC &quot;Repentance&quot; instalado.[/strike]

- El mod es completamente funcional en AB+, pero se sigue recomendando jugar en Repentance

- Pueden activar y desactivar la descripción pulsando F2

- Este mod no desactiva los logros una vez vencido a mamá por lo menos una vez

- Se puede utilizar[url=https://steamcommunity.com/sharedfiles/filedetails/?id=2487535818] Mod Config Menu[/url] para tener una configuración mucho más amplia de este mod

*Las recetas serán 100% precisas si no hay mods que agreguen contenido al juego
**Esta es una opción desactivada por defecto, se puede activar mediante el mod descrito arriba
***Esta característica requiere que se ejecute una herramienta dentro de la carpeta scripts en los archivos del mod

_________________
INSTALACIÓN EXTERNA

En caso de que se presenten problemas con respecto a la instalación del mod en la página de Workshop, pueden descargar el mod desde esta página de [url=https://drive.google.com/file/d/1eS3CkbRPdmo42kKv7yt5O0bVBlzECccn/view?usp=sharing]Drive[/url], posee una guía de instalación manual

_________________
CREDITOS

- Este mod está basado en el &quot;External Item Descriptions&quot; creado por Wofsauge.
- Traducción por Juve_pc
- Mantenimiento y soporte por Kotry

¡¡¡Muchas Gracias!!!
(Si tienen alguna sugerencia o encontraron un error ortográfico pueden escribirlo en los comentarios.)</description>
    <version>1.18</version>
    <visibility>Public</visibility>
    <tag id="Lua"/>
    <tag id="Items"/>
    <tag id="Active Items"/>
    <tag id="Trinkets"/>
    <tag id="Pills"/>
    <tag id="Cards"/>
    <tag id="Tweaks"/>
</metadata>
